title,text,headers,url,publish_date
War in Ukraine - BBC News,"The International Energy Agency warns that Russia may stop supplying gas to Europe this winter. The International Energy Agency warns that Russia may stop supplying gas to Europe this winter. A rule change will mean UK visas for some young people after months in limbo, the BBC understands. Lithuania banned the transit of some goods to Russia's Kaliningrad region over EU sanctions. Russia is stopping grain leaving Ukrainian ports, sparking warnings tens of millions risk famine. The International Energy Agency warns that Russia may stop supplying gas to Europe this winter. A rule change will mean UK visas for some young people after months in limbo, the BBC understands. Lithuania banned the transit of some goods to Russia's Kaliningrad region over EU sanctions. Russia is stopping grain leaving Ukrainian ports, sparking warnings tens of millions risk famine. A rule change will mean UK visas for some young people after months in limbo, the BBC understands. Chris Ewokor BBC News, Abuja The regulator for professional health services in
Nigeria will also not accept medical and dental programmes offered online. Some of those students who spoke to the BBC say it is a huge blow to their studies and careers, especially for those who had spent more than five years studying and only have a few months left until graduation. They call the policy discriminatory, arguing that students who studied online during the pandemic were allowed to graduate and practise. Student have also criticised the government for failing to keep Nigerian universities open amid recent rolling strikes by lecturers, forcing them to study elsewhere. The Medical and Dental Council, which regulates Nigerian doctors, dentists and alternative medicine practitioners has recently rejected
online training from other countries, saying it falls short of acceptable
standards. By Orla Guerin BBC News, Lysychansk By Hywel Griffith BBC News Kateryna and her two sons are among 60 families in a camp set up for Ukrainian refugees fleeing war. By Tamara Kovacevic BBC News Some unaccompanied child refugees from Ukraine are to be allowed into the UK. By Jonah Fisher BBC Environment Correspondent The International Energy Agency warns that Russia may stop supplying gas to Europe this winter. BBC Newsnight A rule change will mean UK visas for some young people after months in limbo, the BBC understands. By Katharine Da Costa BBC South Today Liza and her son are having to live in a hotel after the relationship with their sponsor broke down. By Paul Kirby BBC News The UK arm of Gazprom is now German controlled and is unable to buy Russian gas due to sanctions. By Paul Melly Africa Programme, Chatham House, London Many African leaders believe that a confrontational stance towards Russia is not in their interest. Ukraine hopes to become an official candidate for European Union (EU) membership. Life changed for Marta Burak and her family as soon as Russia invaded Ukraine. A Russian journalist raises millions selling his Nobel medal, and a Hollywood actor visits Ukraine. The UN says more than 13 million people have fled their homes since the Russian invasion. All of the the money from the sale will be used to help refugees from the war in Ukraine. Surrey County Council says children will be given spaces even if schools are at capacity. By Steve Mather BBC News By George Wright BBC News Dmitry Muratov says all the money from the auction will go to help refugees from the war in Ukraine. The actor has been a Goodwill ambassador for the United Nations refugee agency (UNHCR) since 2016. Email us at Send an SMS or MMS to Follow Have Your Say on Twitter Why you can trust BBC News",[],https://www.bbc.com/news/world-60525350,2022-06-22
Climate - BBC News,"Newsbeat has been finding out about the individuals involved in the divisive climate action group. Newsbeat has been finding out about the individuals involved in the divisive climate action group. Engineers are developing mobile, floating nuclear desalination plants to help solve water shortages. As petrol and diesel prices continue to increase, interest in electric vehicles is rising Parts of the UK have experienced the hottest day of the year so far. Nepal is preparing to move its Everest base camp as the glacier it stands on becomes less stable. Key talks end with rich and poor countries at loggerheads on the divisive issue of loss and damage. Newsbeat has been finding out about the individuals involved in the divisive climate action group. Engineers are developing mobile, floating nuclear desalination plants to help solve water shortages. As petrol and diesel prices continue to increase, interest in electric vehicles is rising Parts of the UK have experienced the hottest day of the year so far. Nepal is preparing to move its Everest base camp as the glacier it stands on becomes less stable. Key talks end with rich and poor countries at loggerheads on the divisive issue of loss and damage. Engineers are developing mobile, floating nuclear desalination plants to help solve water shortages. As petrol and diesel prices continue to increase, interest in electric vehicles is rising Parts of the UK have experienced the hottest day of the year so far. By Zubaidah Abdul Jalil BBC News By Manish Pandey Newsbeat reporter Newsbeat has been finding out about the individuals involved in the divisive climate action group. After a day of cancellations, Network Rail's chief executive Andrew Haines has warned anyone travelling tomorrow to be mindful of a slow start to the day. Tomorrow morning is going to be very heavily affected because the first trains in the morning will not be able to start up because people who'd normally be working the night shift won't be signing on for duty. Sam Hancock BBC News Today alone, traffic surged in a number of UK cities, with
location technology company TomTom finding congestion levels at 11am were
higher than at the same time last week. The areas included London Cardiff Liverpool Manchester Newcastle There were also long queues on outer London sections of the M1,
M4, A4 and A40. But what does all this actually mean? BBC News Unprecedented rainfall and flooding have left behind a trail of death and destruction in Assam. By Chris Baraniuk Technology of Business reporter Engineers are developing mobile, floating nuclear desalination plants to help solve water shortages. By Zubaidah Abdul Jalil BBC News Dozens have died in lightning strikes and landslides triggered by severe monsoon storms in the region. Temperatures soar as scientists warn heatwaves are striking earlier in the year due to climate change. By Reality Check team BBC News The UK hosted a global climate summit but is it on track to meet its own commitments? By Tom Espiner Business reporter, BBC News People in Birmingham and Kent tell the BBC how they are cutting back to cope with the cost of living crisis. By Ben Price BBC News Wales' top doctor warns that climate change could hit poorer communities hardest. By Georgina Rannard Parts of the UK have experienced the hottest day of the year so far. By Esme Stallard BBC News As petrol and diesel prices continue to increase, interest in electric vehicles is rising By Navin Singh Khadka Environment correspondent, BBC World Service Nepal is preparing to move its Everest base camp as the glacier it stands on becomes less stable. By Jonathan Amos BBC Science Correspondent The rate of release could have powered hundreds of thousands of homes, if sustained and captured. Email us at Send an SMS or MMS to Follow Have Your Say on Twitter Why you can trust BBC News",[],https://www.bbc.com/news/science-environment-56837908,2022-06-22
Technology of Business - BBC News,"Engineers are developing mobile, floating nuclear desalination plants to help solve water shortages. Engineers are developing mobile, floating nuclear desalination plants to help solve water shortages. Changing tastes mean mushroom entrepreneurs are only just getting started. Airless tyres that do not puncture are getting close to market but some remain sceptical about them. Tougher rules on watering gardens mean residents will have to consider alternatives to green grass. Bogus apps are being used by hackers to access mobile phone data to threaten and blackmail victims. Coaches now have powerful tools which can find patterns in play that humans would struggle to see. Engineers are developing mobile, floating nuclear desalination plants to help solve water shortages. Changing tastes mean mushroom entrepreneurs are only just getting started. Airless tyres that do not puncture are getting close to market but some remain sceptical about them. Tougher rules on watering gardens mean residents will have to consider alternatives to green grass. Bogus apps are being used by hackers to access mobile phone data to threaten and blackmail victims. Coaches now have powerful tools which can find patterns in play that humans would struggle to see. Changing tastes mean mushroom entrepreneurs are only just getting started. Airless tyres that do not puncture are getting close to market but some remain sceptical about them. Tougher rules on watering gardens mean residents will have to consider alternatives to green grass. By Chris Baraniuk Technology of Business reporter Engineers are developing mobile, floating nuclear desalination plants to help solve water shortages. Mumbai Changing tastes mean mushroom entrepreneurs are only just getting started. By Russell Hotten Business reporter, BBC News Airless tyres that do not puncture are getting close to market but some remain sceptical about them. By Christine Ro Business Reporter, Los Angeles Tougher rules on watering gardens mean residents will have to consider alternatives to green grass. Mumbai Bogus apps are being used by hackers to access mobile phone data to threaten and blackmail victims. By Chiyo Robertson Business reporter, BBC News Coaches now have powerful tools which can find patterns in play that humans would struggle to see. By Christine Ro Business of Technology reporter By Janek Schmidt Technology of Business reporter Why hydrogen might be one route for Germany to move away from dependence on Russian imports. By Emma Woollacott Technology of Business reporter Firms are developing smart contact lenses that can project data in front of the user's eye. By Adrienne Murray One Chinese carmaker has plans for thousands of stations in Europe where you can switch batteries. Mumbai Lack of access to smartphones and computers is widening the education gulf in India. By Pedro Garcia Business reporter, Lisbon Europe's bike firms want to source more components closer to home, including carbon fibre frames. By Chris Baraniuk Technology of Business reporter Nickel is essential for batteries and stainless steel but suppliers are struggling to meet demand. Mumbai By Erin Hale Business reporter, Taiwan By Christine Ro Buenos Aires The nation that has seen economic trauma is open to the possibility of alternative money like Bitcoin. By Katherine Latham Business reporter Alternatives to gas and oil heating are becoming more popular but are still expensive. By Elna Schutz Business reporter, South Africa Increasingly sophisticated tech tells us more than ever about our food's journey from farm to fork. By Chris Baraniuk Technology of Business reporter By Katherine Latham Business reporter Personal finance apps are everywhere but are they useful if you are already in debt or on low wages. Email us at Send an SMS or MMS to Follow Have Your Say on Twitter Why you can trust BBC News",[],https://www.bbc.com/news/business-11428889,2022-06-22
CEO Secrets - BBC News,"Liz Jackson MBE started her career as an entrepreneur, creating her own marketing company, aged 25. Timothy Armoo of Fanbytes explains how he, Ambrose Cooke and Mitchell Fasanya built their firm. Former teacher Amanda Wheal explains how she reinvented herself as a wedding celebrant. Dhruvin Patel talks about becoming an entrepreneur after surviving a terrifying accident. Liz Jackson MBE started her career as an entrepreneur, creating her own marketing company, aged 25. Timothy Armoo of Fanbytes explains how he, Ambrose Cooke and Mitchell Fasanya built their firm. Former teacher Amanda Wheal explains how she reinvented herself as a wedding celebrant. Dhruvin Patel talks about becoming an entrepreneur after surviving a terrifying accident. Liz Jackson MBE started her career as an entrepreneur, creating her own marketing company, aged 25. Timothy Armoo of Fanbytes explains how he, Ambrose Cooke and Mitchell Fasanya built their firm. Former teacher Amanda Wheal explains how she reinvented herself as a wedding celebrant. Liz Jackson MBE started her career as an entrepreneur, creating her own marketing company, aged 25. By Dougal Shaw Business reporter, BBC News Former teacher Amanda Wheal explains how she reinvented herself as a wedding celebrant. After 30 years as a teacher Amanda Wheal has reinvented herself as a wedding celebrant. Dhruvin Patel talks about becoming an entrepreneur after surviving a terrifying accident. By Dougal Shaw Business reporter, BBC News Karen Barrett, founder of financial advice platform Unbiased, shares her top tips for our CEO Secrets series. Henri Seydoux, founder and CEO of French drone specialists Parrot, shares his business advice. Johan Lundgren, CEO of the airline EasyJet, shares his business advice for the CEO Secrets series. Ogilvy UK, CEO, Fiona Gordon explains why women bosses must drive change in workplace culture. From being rejected on Dragons' Den to making millions, Alex Savelli shares his secrets to success. Rachael Flanagan, founder and CEO of cleaning company Mrs Buck√©t, shares her business advice. Joel Akwenuke, founder of hair treatment company New Fade, shares his business advice. Email us at Send an SMS or MMS to Follow Have Your Say on Twitter Why you can trust BBC News",[],https://www.bbc.com/news/business-33712313,2022-06-22
"Afghan earthquake: At least 1,000 people killed and 1,500 injured - BBC News","BBC News This video can not be played A powerful earthquake has killed at least 1,000 people and injured 1,500 in eastern Afghanistan, an official of the ruling Taliban told the BBC. Hundreds of houses were destroyed by the magnitude 6.1 event, which occurred at a depth of 51km (32 miles). The earthquake struck about 44km from the city of Khost and tremors were felt as far away as Pakistan and India. Witnesses reported feeling the quake in both Afghanistan's capital, Kabul, and Pakistan's capital, Islamabad. Earthquakes tend to cause significant damage in Afghanistan, where dwellings in many rural areas are unstable or poorly built. In remote areas, helicopters have been ferrying victims to hospitals. Speaking to the BBC, a doctor in Paktika said medical workers were among the victims. Communication following the quake is difficult because of damage to mobile phone towers and the death toll could rise further still, another local journalist in the area told the BBC. There were no immediate reports of casualties or significant damage in Pakistan, according to BBC Urdu. Afghanistan is prone to quakes, as it's located in a tectonically active region, over a number of fault lines including the Chaman fault, the Hari Rud fault, the Central Badakhshan fault and the Darvaz fault. Most recently, in January killed more than 20 people and destroyed hundreds of houses. Read more about Afghanistan If you are reading this page and can't see the form you will need to visit the mobile version of the BBC website to submit your question or comment or you can email us at . Please include your name, age and location with any submission. Additional reporting by Frances Mao and Matthew Davis. Subsea internet cables could detect earthquakes Afghanistan twin quakes kill at least 22 Strong earthquake shakes Asian cities Powerful quake kills 1,000 in Afghanistan 'Every street you go you hear mourning' Biden urges gas tax 'holiday' as fuel prices bite No easy exit from besieged Lysychansk 'Every street you go you hear mourning' The Glasgow vegan who teamed up with a Kardashian How might Russia react if Ukraine joins the EU? What we know about India rapper Moose Wala's murder 'My kids cried every night asking if we'd die' What if all the wasps disappeared? The surprising benefits of pruney skin The woman who could upend US abortion rights Why top chefs are leaving Paris The films bringing sex work to life Has cinema perpetuated damaging stereotypes? Has human progress peaked? Read about our approach to external linking.",[],https://www.bbc.com/news/world-asia-61890804,2022-06-22
Afghanistan earthquake: 'Every street you go you hear mourning' - BBC News,"By Thom Poole BBC News This is how one Afghan described the situation after a powerful earthquake left hundreds dead. The quake happened in the early hours of the morning, causing houses to collapse and crush people sleeping inside. Rescuers have in some cases been digging with their bare hands, if they have been able to reach the affected areas at all. Rural eastern Afghanistan is not an easy place to travel to. The toll is expected to grow as the picture becomes clearer. Afghans are already facing hardship on several fronts. Poverty is rampant, and the country has endured decades of conflict. When the Taliban took over Afghanistan last year, many countries cut development aid. Already thinly stretched services are unlikely to be able to cope. This video can not be played Aid agencies are trying to help but communications and water provisions are adding to the challenge. They are focussing on bringing food, medicine and emergency shelter to those in need. Afghanistan country profile Powerful quake kills 1,000 in Afghanistan 'Every street you go you hear mourning' Biden urges gas tax 'holiday' as fuel prices bite No easy exit from besieged Lysychansk 'Every street you go you hear mourning' The Glasgow vegan who teamed up with a Kardashian How might Russia react if Ukraine joins the EU? What we know about India rapper Moose Wala's murder 'My kids cried every night asking if we'd die' What if all the wasps disappeared? The surprising benefits of pruney skin The woman who could upend US abortion rights Why top chefs are leaving Paris The films bringing sex work to life Has cinema perpetuated damaging stereotypes? Has human progress peaked? Read about our approach to external linking.",[],https://www.bbc.com/news/world-asia-61900222,2022-06-22
Afghanistan earthquake: Injured carried to rescue helicopter - BBC News,"This video can not be played A government rescue helicopter has attended the scene of a 6.1 magnitude earthquake in Afghanistan's Paktika province. More that 1000 people have been killed and hundreds more injured, Taliban officials have said. Rescue helicopter attends Afghan earthquake scene Afghan children malnourished as hospitals collapse From Afghanistan's finance minister to cab driver 'Finding a job was the beginning of change' Bulldozer crushes 100 seized vehicles in New York Kate Bush on finding new fame with Stranger Things South Korea launches its first satellites into space BBC finds upskirt footage shared in Facebook groups Poem for Manchester Arena victim after Kilimanjaro climb Cleaner defeats former minister in French elections Read about our approach to external linking.",[],https://www.bbc.com/news/world-middle-east-61893747,2022-06-22
